id,test-suite-class,tested-class,inter-rater-agreement
1,antclassloader5test,antclassloader5,0.67
2,antclassloaderdelegationtest,antclassloader,0.67
3,antclassloadertest,antclassloader,0.67
4,asiextrafieldtest,asiextrafield,1
5,baseselectortest,baseselector,1
6,changelogparsertest,changelogparser,1
7,classpathutilstest,classpathutils,1
8,collectionutilstest,collectionutils,1
9,commandlinejavatest,commandlinejava,0.67
10,commandlinetest,commandline,1
11,containsselectortest,containsselector,1
12,containstest,contains,1
13,dateselectortest,dateselector,1
14,dateutilstest,dateutils,1
15,defaultloggertest,defaultlogger,1
16,dependselectortest,dependselector,0.67
17,depthselectortest,depthselector,0.67
18,directoryscannertest,directoryscanner,0.67
19,dirsettest,dirset,0.67
20,domelementwritertest,domelementwriter,1
21,echopropertiestest,echoproperties,
22,echopropertiestest,properties,1
23,emailaddresstest,emailaddress,1
24,enumeratedattributetest,enumeratedattribute,1
25,equalstest,equals,1
26,executortest,project,1
27,extrafieldutilstest,extrafieldutils,1
28,facadetaskhelpertest,facadetaskhelper,1
29,filelisttest,filelist,1
30,filenameselectortest,filenameselector,1
31,fileutilstest,fileutils,1
32,globpatternmappertest,globpatternmapper,1
33,immutabletest,project,0.67
34,implementationspecificargumenttest,implementationspecificargument,0.67
35,introspectionhelpertest,introspectionhelper,1
36,javaenvutilstest,javaenvutils,1
37,javaresourcetest,javaresource,0.67
38,jaxputilstest,jaxputils,0.67
39,jspctest,jspcompileradapterfactory,1
40,jspctest,jasper41mangler,1
41,junitclassloadertest,classloader,1
42,junitversionhelpertest,junitversionhelper,1
43,layoutpreservingpropertiestest,layoutpreservingproperties,0.67
44,lazyfileoutputstreamtest,lazyfileoutputstream,1
45,loaderutilstest,loaderutils,0.67
46,locationtest,location,1
47,locatortest,locator,1
48,mappertest,mapper,1
49,modifiedselectortest,modifiedselector,1
50,p4changetest,p4change,1
51,packagenamemappertest,packagenamemapper,1
52,pathtest,path,0.67
53,patternsettest,patternset,0.67
54,presentselectortest,presentselector,0.67
55,projectcomponenttest,projectcomponent,1
56,projecttest,project,0.67
57,propertyexpansiontest,project,1
58,propertyfiletest,propertyfile,1
59,readerinputstreamtest,readerinputstream,1
60,resourcelisttest,resourcelist,0.67
61,resourceutilstest,resourceutils,1
62,sizeselectortest,sizeselector,1
63,stringutilstest,stringutils,1
64,symlinkutilstest,symboliclinkutils,1
65,tarfilesettest,tarfileset,1
66,typeselectortest,typeselector,0.67
67,unknownelementtest,unknownelement,
68,unknownelementtest,buildevent,1
69,unknownelementtest,task,1
70,unpackagenamemappertest,unpackagenamemapper,1
71,vectorsettest,vectorset,1
72,xmlcatalogtest,xmlcatalog,1
73,xmlfragmenttest,xmlfragment,0.67
74,zipencodingtest,niozipencoding,0.67
75,zipentrytest,zipentry,0.67
76,zipfilesettest,zipfileset,1
77,ziplongtest,ziplong,1
78,zipoutputstreamtest,zipoutputstream,0.67
79,zipshorttest,zipshort,1
