10.1,R5.4.0 (1)
10.1,R5.7.0 (1)
10.1,R5.7.0 (2)
10.1,R5.7.0 (3)
10.1,R5.7.0 (4)
10.1,R5.7.0 (5)
10.4,R7.1.0(1)
10.4,R7.1.0(2)
10.4,R7.1.0(3)
10.4,R7.1.0(4)
10.4,R7.2.0(1)
10.6,R6.1.0(1)
10.7,R6.1.0(1)
10.2.1,R6.3.0 (1)
10.2.2,R5.4.1 (3)
10.2.2,R6.3.0 (2)
10.2.2,R6.3.0 (3)
10.2.2,R6.3.0 (4)
10.2.2,R6.3.0 (5)
10.3.1,R5.4.0(1)
10.3.1,R5.4.2(1)
10.3.1,R5.4.2(2)
10.3.1,R5.4.2(3)
10.3.1,R5.4.2(4)
10.3.1,R5.4.3(1)
10.3.1,R5.4.3(2)
10.3.1,R5.4.3(3)
10.3.1,R5.4.3(4)
10.3.1,R5.5.0(1)
10.3.1,R5.5.0(2)
10.3.1,R5.5.0(5)
10.3.1,R5.5.0(7)
10.3.1,R5.5.0(8)
10.3.1,R5.5.0(9)
10.3.1,R5.5.0(11)
10.3.1,R5.5.0(12)
10.3.1,R5.5.0(13)
10.3.1,R5.5.0(14)
10.3.1,R5.5.0(15)
10.3.1,R5.5.0(16)
10.3.1,R5.5.0(17)
10.3.1,R5.5.0(18)
10.3.1,R5.8.0(6)
10.3.1,R5.9.0(5)
10.3.1,R5.9.0(6)
10.3.3,R4.1.0(1)
10.3.3,R4.1.0(5)
10.3.3,R4.2.0(2)
10.3.3,R4.3.0(7)
10.3.3,R5.2.0(2)
10.3.3,R5.3.0(1)
10.3.3,R5.5.0(3)
10.3.3,R5.5.0(6)
10.3.3,R5.5.0(8)
10.3.3,R5.5.0(9)
10.3.3,R5.5.0(10)
10.3.3,R5.6.0(4)
10.3.3,R5.8.0(6)
10.3.3,R5.8.0(8)
10.3.3,R5.9.0(3)
10.3.3,R5.9.0(4)
10.3.3,R5.9.0(5)
10.3.3,R5.9.0(6)
10.3.3,R6.2.0(6)
10.3.4,R5.9.0(1)
10.3.4,R5.9.0(2)
10.3.4,R5.5.0(10)
10.3.5,R5.6.0(1)
10.3.5,R5.6.0(3)
10.3.5,R5.6.0(5)
10.3.6,R4.1.0(1)
10.3.6,R5.3.0(1)
10.3.6,R5.8.0(5)
10.3.6,R5.10.0(1)
10.3.6,R5.10.0(2)
10.3.6,R5.10.0(3)
10.5.1,R4.1.0(2)
10.5.1,R4.1.0(3)
10.5.1,R5.2.0(1)
10.5.1,R5.2.0(2)
10.5.1,R5.4.0(8)
10.5.1,R6.2.0(1)
10.5.1,R6.2.0(2)
10.5.1,R6.2.0(6)
10.5.1,R5.2.0(3)
10.5.2 ,R5.1.0(1)
10.5.2 ,R5.1.0(2)
10.5.2 ,R5.1.0(4)
10.5.3,R5.8.0(1)
10.5.3,R5.8.0(2)
10.5.3,R5.8.0(3)
10.5.3,R5.8.0(9)
10.5.3,R5.8.0(10)
10.5.3,R6.5.0(1)
10.5.3,R6.5.0(3)
10.5.3,R6.5.0(4)
10.5.3,R6.2.0(8)
10.5.5,R4.2.0(2)
10.6.1,R6.4.0(7)
10.6.2,R5.4.0(1)
10.6.2,R5.4.0(2)
10.6.2,R5.4.0(3)
10.6.2,R5.4.0(4)
10.6.2,R5.4.0(5)
10.6.2,R5.4.0(6)
10.6.2,R5.4.0(7)
10.6.2,R5.4.0(8)
10.6.2,R5.4.1(1)
10.6.2,R5.4.1(2)
10.6.2,R5.9.0(5)
10.6.2,R5.9.0(6)
10.6.2,R6.2.0(3)
10.6.2,R6.2.0(4)
10.6.2,R6.2.0(5)
10.6.2,R6.2.0(6)
10.6.2,R6.2.0(7)
10.6.2,R6.4.0(6)
10.6.3,R5.4.0(2)
10.6.3,R5.4.0(3)
10.6.3,R5.4.0(4)
10.6.3,R5.4.0(5)
10.6.3,R5.4.0(6)
10.6.3,R5.4.0(7)
10.6.3,R5.4.0(8)
10.6.4,R6.4.0(3)
10.6.4,R6.4.0(4)
10.6.5,R5.6.0(2)
10.6.5,R5.6.0(3)
10.6.5,R5.6.0(5)
10.6.5,R6.4.0(5)
10.6.5,R5.6.0(8)
